reward,training_time,waiting_time,queue_length
-3447,,,
-2481,,,
-3065,,,
-2243,,,
-2203,,,
-2806,,,
-2525,,,
-2583,,,
-2229,,,
-2291,,,
-2288,,,
-2406,,,
-2865,,,
-2704,,,
-2263,,,
-2386,,,
-2688,,,
-2654,,,
-2512,,,
-2203,,,
-2370,,,
-2313,,,
-2470,,,
-2244,,,
-2693,,,
-2285,,,
-2436,,,
-2378,,,
-2970,,,
-3148,,,
-2803,,,
-2729,,,
-2164,,,
-2226,,,
-2523,,,
-2087,,,
-2179,,,
-2718,,,
-2769,,,
-2495,,,
-2593,,,
-2709,,,
-2185,,,
-2550,,,
-2403,,,
-2530,,,
-2540,,,
-2278,,,
-2460,,,
-2576,,,
-2356,,,
-3079,,,
-2019,,,
-2622,,,
-2663,,,
-2298,,,
-2340,,,
-3140,,,
-2439,,,
-2394,,,
-3144,,,
-2443,,,
-1984,,,
-2190,,,
-2038,,,
-2368,,,
-2167,,,
-1985,,,
-2067,,,
-2449,,,
-1929,,,
-2238,,,
-2347,,,
-2517,,,
-2225,,,
-2202,,,
-2073,,,
-2307,,,
-2526,,,
-2588,,,
-2774,,,
-2247,,,
-2199,,,
-2347,,,
-2425,,,
-2192,,,
-2192,,,
-2312,,,
-2035,,,
-2177,,,
-2048,,,
-2166,,,
-2019,,,
-2294,,,
-2141,,,
-2161,,,
-2274,,,
-2186,,,
-2177,,,
-1793,,,
-2364,,,
-2193,,,
-2213,,,
-2161,,,
-1816,,,
-1859,,,
-3025,,,
-2102,,,
-2077,,,
-2106,,,
-1960,,,
-2268,,,
-1995,,,
-2356,,,
-2335,,,
-2057,,,
-2161,,,
-2050,,,
-2163,,,
-1721,,,
-1988,,,
-1961,,,
-2113,,,
-2016,,,
-1762,,,
-1654,,,
-5007,,,
-2024,,,
-2298,,,
-1739,,,
-1670,,,
-1808,,,
-2121,,,
-2043,,,
-1905,,,
-2343,,,
-2081,,,
-1937,,,
-2176,,,
-2050,,,
-2247,,,
-2164,,,
-2123,,,
-1959,,,
-1811,,,
-1920,,,
-1776,,,
-1942,,,
-1843,,,
-1976,,,
-2220,,,
-1818,,,
-2247,,,
-1930,,,
-2422,,,
-1853,,,
-2219,,,
-2016,,,
-2022,,,
-2089,,,
-2069,,,
-1759,,,
-1844,,,
-1821,,,
-2170,,,
-1917,,,
-1809,,,
-1812,,,
-2093,,,
-2149,,,
-1956,,,
-1990,,,
-1674,,,
-1977,,,
-2120,,,
-2054,,,
-2050,,,
-1921,,,
-2351,,,
-2111,,,
-1580,,,
-2025,,,
-1874,,,
-2027,,,
-2127,,,
-2223,,,
-2055,,,
-1987,,,
-2127,,,
-2113,,,
-2083,,,
-1949,,,
-1791,,,
-1675,,,
-1675,,,
-2325,,,
-2056,,,
-1902,,,
-1751,,,
-2074,,,
-1897,,,
-2122,,,
-2027,,,
-1847,,,
-1759,,,
-1867,,,
-1970,,,
-1982,,,
-1908,,,
-1991,,,
-1758,,,
-2009,,,
-2035,,,
-1926,,,
-1698,,,
-1924,,,
-1844,,,
-1924,,,
-1985,,,
-1773,,,
-2710,,,
-2135,,,
-1941,,,
-1802,,,
-1917,,,
-1973,,,
-1928,,,
-1752,,,
-1727,,,
-1698,,,
-1878,,,
-1635,,,
-1939,,,
-1727,,,
-1862,,,
-2001,,,
-1680,,,
-1957,,,
-1852,,,
-1561,,,
-2195,,,
-1804,,,
-1758,,,
-1539,,,
-1868,,,
-1998,,,
-1581,,,
-2039,,,
-1835,,,
-1838,,,
-1659,,,
-1824,,,
-1756,,,
-1833,,,
-1636,,,
-1948,,,
-2263,,,
-1900,,,
-1634,,,
-2003,,,
-1853,,,
-1609,,,
-1508,,,
-1811,,,
-1875,,,
-1655,,,
-1648,,,
-1834,,,
-1729,,,
-1883,,,
-1687,,,
-1576,,,
-1758,,,
-1680,,,
-1842,,,
-1687,,,
-1772,,,
-1724,,,
-1784,,,
-1832,,,
-1900,,,
-1831,,,
-1677,,,
-1413,,,
-1833,,,
-1487,,,
-1815,,,
-1539,,,
-1858,,,
-1717,,,
-1884,,,
-1703,,,
-1738,,,
-1614,,,
-1702,,,
-1543,,,
-1617,,,
-1869,,,
-1626,,,
-1641,,,
-1793,,,
-1748,,,
-1894,,,
-1707,,,
-1616,,,
-2010,,,
-1910,,,
-1659,,,
-1730,,,
-2175,,,
-1652,,,
-1590,,,
-1978,,,
-1776,,,
-1660,,,
-1997,,,
-1479,,,
-1789,,,
-1792,,,
-1592,,,
-1706,,,
-1712,,,
-1718,,,
-1942,,,
-1555,,,
-1592,,,
-1749,,,
-1921,,,
-1755,,,
-1640,,,
-1683,,,
-1511,,,
-1584,,,
-1864,,,
-1670,,,
-1717,,,
-1605,,,
-1793,,,
-1654,,,
-1453,,,
-1552,,,
-1844,,,
-1692,,,
-1631,,,
-1778,,,
-1613,,,
-1630,,,
-1828,,,
-1477,,,
-1564,,,
-1706,,,
-1656,,,
-1614,,,
-1650,,,
-1725,,,
-1681,,,
-1485,,,
-2006,,,
-1441,,,
-1616,,,
-1615,,,
-1828,,,
-1734,,,
-1730,,,
-1740,,,
-1465,,,
-1637,,,
-1308,,,
-1764,,,
-1652,,,
-1805,,,
-1737,,,
-1668,,,
-1449,,,
-1649,,,
-1918,,,
-1981,,,
-1381,,,
-1648,,,
-1480,,,
-1546,,,
-1459,,,
-1702,,,
-1577,,,
-1451,,,
-1633,,,
-1545,,,
-1581,,,
-1413,,,
-1737,,,
-1498,,,
-1537,,,
-1427,,,
-1405,,,
-1624,,,
-1637,,,
-1570,,,
-1691,,,
-1538,,,
-1696,,,
-1634,,,
-1445,,,
-1623,,,
-1564,,,
-1671,,,
-1598,,,
-1399,,,
-1460,,,
-1700,,,
-1419,,,
-1544,,,
-1556,,,
-1763,,,
-1641,,,
-1418,,,
-1559,,,
-1632,,,
-1992,,,
-1648,,,
-1599,,,
-1585,,,
-1576,,,
-1553,,,
-1431,,,
-1485,,,
-1536,,,
-1607,,,
-1618,,,
-1653,,,
-1315,,,
-1447,,,
-1622,,,
-1578,,,
-1424,,,
-1542,,,
-1462,,,
-1446,,,
-1483,,,
-1813,,,
-1593,,,
-1434,,,
-1389,,,
-1406,,,
-1633,,,
-1799,,,
-1515,,,
-1363,,,
-1514,,,
-1408,,,
-1637,,,
-1649,,,
-1513,,,
-1673,,,
-1516,,,
-1484,,,
-1510,,,
-1438,,,
-1245,,,
-1602,,,
-1445,,,
-1267,,,
-1545,,,
-1479,,,
-1452,,,
-1497,,,
-1383,,,
-1450,,,
-1708,,,
-1686,,,
-1697,,,
-1277,,,
-1532,,,
-1481,,,
-1329,,,
-1534,,,
-1632,,,
-1483,,,
-1419,,,
-1554,,,
-1541,,,
-1989,,,
-1684,,,
-1584,,,
-1628,,,
-1484,,,
-1441,,,
-1449,,,
-1382,,,
-1564,,,
-1667,,,
-1658,,,
-1496,,,
-1409,,,
-1737,,,
-1576,,,
-1444,,,
-1508,,,
-1527,,,
-1463,,,
-1561,,,
-1658,,,
-1484,,,
-1518,,,
-1534,,,
-1298,,,
-1578,,,
-1524,,,
-1530,,,
-1564,,,
-1803,,,
-1495,,,
-1422,,,
-1549,,,
-1466,,,
-1671,,,
-1454,,,
-1532,,,
-1751,,,
-1375,,,
-1496,,,
-1574,,,
-1434,,,
-1426,,,
-1572,,,
-1546,,,
-1548,,,
-1564,,,
-1513,,,
-1403,,,
-1579,,,
-1541,,,
-1411,,,
-1483,,,
-1618,,,
-1282,,,
-1484,,,
-1393,,,
-1498,,,
-1336,,,
-1405,,,
-1381,,,
-1614,,,
-1624,,,
-1392,,,
-1358,,,
-1300,,,
-1377,,,
-1340,,,
-1625,,,
-1445,,,
-1733,,,
-1584,,,
-1473,,,
-1380,,,
-1439,,,
-1560,,,
-1509,,,
-1427,,,
-1680,,,
-1275,,,
-1633,,,
-1467,,,
-1359,,,
-1290,,,
-1278,,,
-1401,,,
-1274,,,
-1679,,,
-1405,,,
-1421,,,
-1465,,,
-1487,,,
-1525,,,
-1636,,,
-1821,,,
-1492,,,
-1332,,,
-1402,,,
-1364,,,
-1497,,,
-1288,,,
-1377,,,
-1556,,,
-1452,,,
-1554,,,
-1360,,,
-1715,,,
-1490,,,
-1423,,,
-1289,,,
-1557,,,
-1352,,,
-1596,,,
-1546,,,
-1627,,,
-1441,,,
-1460,,,
-1515,,,
-1467,,,
-1389,,,
-1390,,,
-1519,,,
-1401,,,
-1430,,,
-1507,,,
-1478,,,
-1646,,,
-1429,,,
-1340,,,
-1524,,,
-1398,,,
-1421,,,
-1433,,,
-1587,,,
-1487,,,
-1310,,,
-1564,,,
-1364,,,
-1563,,,
-1263,,,
-1421,,,
-1569,,,
-1408,,,
-1416,,,
-1403,,,
-1426,,,
-1393,,,
-1571,,,
-1513,,,
-1355,,,
-1401,,,
-1469,,,
-1641,,,
-1498,,,
-1518,,,
-1304,,,
-1254,,,
-1608,,,
-1267,,,
-1351,,,
-1466,,,
-1593,,,
-1358,,,
-1607,,,
-1419,,,
-1396,,,
-1200,,,
-1259,,,
-1399,,,
-1443,,,
-1540,,,
-1453,,,
-1488,,,
-1466,,,
-1498,,,
-1470,,,
-1435,,,
-1299,,,
-1449,,,
-1262,,,
-1470,,,
-1162,,,
-1406,,,
-1474,,,
-1457,,,
-1303,,,
-1567,,,
-1409,,,
-1464,,,
-1470,,,
-1196,,,
-1372,,,
-1373,,,
-1493,,,
-1533,,,
-1544,,,
-1461,,,
-1191,,,
-1331,,,
-1280,,,
-1511,,,
-1401,,,
-1399,,,
-1573,,,
-1317,,,
-1178,,,
-1226,,,
-1489,,,
-1468,,,
-1306,,,
-1448,,,
-1229,,,
-1221,,,
-1332,,,
-1490,,,
-1297,,,
-1325,,,
-1265,,,
-1167,,,
-1349,,,
-1384,,,
-1440,,,
-1532,,,
-1382,,,
-1406,,,
-1441,,,
-1262,,,
-1320,,,
-1520,,,
-1365,,,
-1389,,,
-1290,,,
-1372,,,
-1236,,,
-1588,,,
-1413,,,
-1295,,,
-1339,,,
-1449,,,
-1296,,,
-1202,,,
-1511,,,
-1444,,,
-1588,,,
-1313,,,
-1283,,,
-1466,,,
-1317,,,
-1251,,,
-1300,,,
-1290,,,
-1414,,,
-1401,,,
-1322,,,
-1320,,,
-1339,,,
-1492,,,
-1441,,,
-1303,,,
-1359,,,
-1404,,,
-1255,,,
-1254,,,
-1460,,,
-1390,,,
-1331,,,
-1226,,,
-1247,,,
-1272,,,
-1358,,,
-1430,,,
-1268,,,
-1372,,,
-1446,,,
-1430,,,
-1401,,,
-1514,,,
-1310,,,
-1267,,,
-1392,,,
-1346,,,
-1477,,,
-1359,,,
-1544,,,
-1521,,,
-1273,,,
-1285,,,
-1357,,,
-1286,,,
-1324,,,
-1407,,,
-1362,,,
-1338,,,
-1271,,,
-1299,,,
-1468,,,
-1344,,,
-1208,,,
-1315,,,
-1356,,,
-1524,,,
-1221,,,
-1178,,,
-1396,,,
-1360,,,
-1469,,,
-1454,,,
-1316,,,
-1327,,,
-1458,,,
-1455,,,
-1405,,,
-1385,,,
-1450,,,
-1522,,,
-1328,,,
-1394,,,
-1300,,,
-1216,,,
-1242,,,
-1288,,,
-1267,,,
-1302,,,
-1443,,,
-1340,,,
-1415,,,
-1355,,,
-1114,,,
-1412,,,
-1316,,,
-1269,,,
-1300,,,
-1413,,,
-1280,,,
-1706,,,
-1652,,,
-1352,,,
-1369,,,
-1449,,,
-1423,,,
-1303,,,
-1389,,,
-1271,,,
-1483,,,
-1265,,,
-1326,,,
-1212,,,
-1303,,,
-1118,,,
-1389,,,
-1413,,,
-1302,,,
-1180,,,
-1218,,,
-1137,,,
-1277,,,
-1434,,,
-1397,,,
-1365,,,
-1281,,,
-1307,,,
-1593,,,
-1160,,,
-1373,,,
-1275,,,
-1301,,,
-1410,,,
-1523,,,
-1354,,,
-1403,,,
-1301,,,
-1316,,,
-1421,,,
-1556,,,
-1305,,,
-1259,,,
-1222,,,
-1324,,,
-1333,,,
-1304,,,
-1219,,,
-1245,,,
-1348,,,
-1325,,,
-1477,,,
-1257,,,
-1201,,,
-1267,,,
-1359,,,
-1350,,,
-1403,,,
-1364,,,
-1478,,,
-1293,,,
-1381,,,
-1228,,,
-1154,,,
-1301,,,
-1229,,,
-1334,,,
-1264,,,
-1387,,,
-1270,,,
-1405,,,
-1315,,,
-1113,,,
-1655,,,
-1092,,,
-1331,,,
-1308,,,
-1242,,,
-1293,,,
-1270,,,
-1161,,,
-1310,,,
-1357,,,
-1268,,,
-1426,,,
-1264,,,
-1485,,,
-1250,,,
-1221,,,
-1329,,,
-1159,,,
-1445,,,
-1329,,,
-1365,,,
-1356,,,
-1291,,,
-1391,,,
-1269,,,
-1175,,,
-1387,,,
-1248,,,
-1163,,,
-1207,,,
-1297,,,
-1403,,,
-1363,,,
-1476,,,
-1272,,,
-1118,,,
-1327,,,
-1453,,,
-1289,,,
-1599,,,
-1464,,,
-1311,,,
-1508,,,
-1321,,,
-1416,,,
-1333,,,
-1336,,,
-1224,,,
-1428,,,
-1455,,,
-1354,,,
-1294,,,
-1353,,,
-1470,,,
-1277,,,
-1302,,,
-1222,,,
-1321,,,
-1316,,,
-1148,,,
-1260,,,
-1264,,,
-1390,,,
-1282,,,
-1439,,,
-1372,,,
-1325,,,
-1412,,,
-1308,,,
-1377,,,
-1306,,,
-1397,,,
-1345,,,
-1462,,,
-1328,,,
-1487,,,
-1326,,,
-1077,,,
-1342,,,
-1477,,,
-1491,,,
-1075,,,
-1254,,,
-1261,,,
-1254,,,
-1431,,,
-1344,,,
-1628,,,
-1193,,,
-1494,,,
-1456,,,
-1405,,,
-1336,,,
-1597,,,
-1327,,,
-1267,,,
-1249,,,
-1553,,,
-1344,,,
-1556,,,
-1337,,,
-1401,,,
-1627,,,
-1238,,,
-1419,,,
-1620,,,
-1151,,,
-1442,,,
-1354,,,
-1338,,,
-1188,,,
-1342,,,
-1281,,,
-1219,,,
-1463,,,
-1441,,,
-1425,,,
-1324,,,
-1279,,,
-1702,,,
-1194,,,
-1423,,,
-1470,,,
-1307,,,
-1539,,,
-1227,,,
-1247,,,
-1281,,,
-1206,,,
-1405,,,
-1331,,,
-1234,,,
-1326,,,
-1317,,,
-1457,,,
-1377,,,
-1460,,,
-1272,,,
-1154,,,
-1266,,,
-1392,,,
-1281,,,
-1153,,,
-1241,,,
-1412,,,
-1104,,,
-1248,,,
-1242,,,
-1280,,,
-1234,,,
-1140,,,
-1340,,,
-1416,,,
-1714,,,
-1289,,,
-1304,,,
-1208,,,
-1325,,,
-1387,,,
-1520,,,
-1260,,,
-1615,,,
-1122,,,
-1545,,,
-1501,,,
-1377,,,
-1441,,,
-1081,,,
-1301,,,
-1338,,,
-1322,,,
-1319,,,
-1243,,,
-1461,,,
-1301,,,
-1205,,,
-1249,,,
-1321,,,
-1141,,,
-1081,,,
-1229,,,
-1195,,,
-1296,,,
-1058,,,
-1397,,,
-1202,,,
-1253,,,
-1336,,,
-1146,,,
-1443,,,
-1394,,,
-1326,,,
-1450,,,
-1233,,,
-1309,,,
-1227,,,
-1252,,,
-1267,,,
-1372,,,
-1383,,,
-1153,,,
-1287,,,
-1242,,,
-1270,,,
-1226,,,
-1373,,,
-1300,,,
-1410,,,
-1127,,,
-1235,,,
-1402,,,
-1260,,,
-1247,,,
-1169,,,
-1255,,,
-1439,,,
-1137,,,
-1371,,,
-1183,,,
-1175,,,
-1202,,,
-1251,,,
-1161,,,
-1381,,,
-1465,,,
-1165,,,
-1230,,,
-1244,,,
-1359,,,
-1324,,,
-1187,,,
-1323,,,
-1103,,,
-1600,,,
-1127,,,
-1430,,,
-1190,,,
-1352,,,
-1378,,,
-1295,,,
-1226,,,
-1467,,,
-1199,,,
-1282,,,
-1200,,,
-1304,,,
-1274,,,
-1194,,,
-1074,,,
-1344,,,
-1310,,,
-1334,,,
-1309,,,
-1283,,,
-1374,,,
-1433,,,
-1406,,,
-1472,,,
-1208,,,
-1162,,,
-1342,,,
-1379,,,
-1478,,,
-1253,,,
-1229,,,
-1052,,,
-1289,,,
-1207,,,
-1830,,,
-1226,,,
-1138,,,
-1209,,,
-1057,,,
-1185,,,
-1233,,,
-1147,,,
-1292,,,
-1232,,,
-1321,,,
-1119,,,
-1026,,,
-1437,,,
-1082,,,
-1268,,,
-1237,,,
-1408,,,
-1255,,,
-1148,,,
-1087,,,
-1339,,,
-1368,,,
-1412,,,
-1454,,,
-1456,,,
-1304,,,
-1431,,,
-1164,,,
-1358,,,
-1408,,,
-1173,,,
-1224,,,
-1357,,,
-1296,,,
-1273,,,
-1202,,,
-1219,,,
-1162,,,
-1468,,,
-1310,,,
-1338,,,
-1245,,,
-1437,,,
-1346,,,
-1169,,,
-1203,,,
-1211,,,
-1191,,,
-1247,,,
-1333,,,
-1196,,,
-1235,,,
-1209,,,
-1208,,,
-1170,,,
-1342,,,
-1237,,,
-1278,,,
-1399,,,
-1265,,,
-1191,,,
-1275,,,
-1173,,,
-1623,,,
-1450,,,
-1267,,,
-1384,,,
-1205,,,
-1606,,,
-1208,,,
-1138,,,
-1539,,,
-1294,,,
-1159,,,
-1171,,,
-1365,,,
-1352,,,
-1194,,,
-1395,,,
-1423,,,
-1389,,,
-1352,,,
-1279,,,
-1134,,,
-1133,,,
-1304,,,
-1181,,,
-1105,,,
-1223,,,
-1288,,,
-1526,,,
-1167,,,
-1342,,,
-1412,,,
-1478,,,
-1090,,,
-1237,,,
-1303,,,
-1333,,,
-1280,,,
-1223,,,
-1164,,,
-1134,,,
-1314,,,
-1466,,,
-1302,,,
-1240,,,
-1282,,,
-1191,,,
-1179,,,
-1131,,,
-1202,,,
-1290,,,
-1144,,,
-1165,,,
-1405,,,
-1309,,,
-1418,,,
-1227,,,
-1180,,,
-1321,,,
-1144,,,
-1075,,,
-1234,,,
-1110,,,
-1111,,,
-1153,,,
-1346,,,
-1285,,,
-1370,,,
-1221,,,
-1365,,,
-1202,,,
-1523,,,
-1213,,,
-1218,,,
-1224,,,
-1197,,,
-1281,,,
-1172,,,
-1211,,,
-1328,,,
-1276,,,
-1300,,,
-1265,,,
-1250,,,
-1262,,,
-1184,,,
-1426,,,
-1375,,,
-1104,,,
-1337,,,
-1101,,,
-1191,,,
-1208,,,
-1502,,,
-1383,,,
-1321,,,
-1210,,,
-1366,,,
-1310,,,
-1237,,,
-1189,,,
-1302,,,
-1261,,,
-1447,,,
-1210,,,
-1502,,,
-1364,,,
-1268,,,
-1125,,,
-1194,,,
-1264,,,
-1139,,,
-1297,,,
-1223,,,
-1407,,,
-1108,,,
-1194,,,
-1222,,,
-1001,,,
-1260,,,
-1159,,,
-1466,,,
-1061,,,
-1234,,,
-1315,,,
-1248,,,
-1145,,,
-1207,,,
-1219,,,
-1139,,,
-1124,,,
-1222,,,
-1343,,,
-1128,,,
-1545,,,
-1285,,,
-1029,,,
-1282,,,
-1203,,,
-1413,,,
-1270,,,
-1108,,,
-1040,,,
-1191,,,
-1023,,,
-1338,,,
-1194,,,
-1223,,,
-1313,,,
-1294,,,
-1192,,,
-1243,,,
-1137,,,
-1076,,,
-1338,,,
-1111,,,
-1292,,,
-1232,,,
-1258,,,
-1294,,,
-1307,,,
-1145,,,
-1285,,,
-1008,,,
-1180,,,
-1281,,,
-1074,,,
-1419,,,
-1235,,,
-1291,,,
-1146,,,
-1151,,,
-1551,,,
-1238,,,
-1258,,,
-1099,,,
-1223,,,
-1183,,,
-1088,,,
-1333,,,
-1200,,,
-1072,,,
-1356,,,
-1085,,,
-1228,,,
-1238,,,
-1161,,,
-1215,,,
-1126,,,
-1352,,,
-1157,,,
-1219,,,
-1451,,,
-1025,,,
-1060,,,
-1255,,,
-1187,,,
-1275,,,
-1048,,,
-1276,,,
-1073,,,
-1201,,,
-1154,,,
-1191,,,
-1338,,,
-1191,,,
-1055,,,
-1147,,,
-1222,,,
-1049,,,
-1286,,,
-1225,,,
-1313,,,
-1357,,,
-1232,,,
-1189,,,
-1156,,,
-1142,,,
-1178,,,
-1376,,,
-1349,,,
-993,,,
-1247,,,
-1172,,,
-1235,,,
-1202,,,
-1458,,,
-1417,,,
-1121,,,
-1031,,,
-1239,,,
-1208,,,
-1155,,,
-1091,,,
-1275,,,
-1248,,,
-1002,,,
-1194,,,
-1137,,,
-964,,,
-1536,,,
-1459,,,
-1297,,,
-1199,,,
-1318,,,
-1213,,,
-1316,,,
-1140,,,
-1295,,,
-1241,,,
-1182,,,
-1209,,,
-1210,,,
-1015,,,
-1235,,,
-1081,,,
-1206,,,
-1158,,,
-1277,,,
-1070,,,
-1221,,,
-1200,,,
-1250,,,
-1158,,,
-1217,,,
-1123,,,
-1254,,,
-1243,,,
-1257,,,
-1228,,,
-1169,,,
-1233,,,
-1353,,,
-1049,,,
-1063,,,
-1290,,,
-1121,,,
-1127,,,
-1225,,,
-1077,,,
-1071,,,
-1229,,,
-1086,,,
-1221,,,
-1218,,,
-1088,,,
-1095,,,
-1385,,,
-1128,,,
-1156,,,
-1126,,,
-1237,,,
-1195,,,
-1254,,,
-1205,,,
-1106,,,
-1117,,,
-1308,,,
-1040,,,
-1070,,,
-1424,,,
-1087,,,
-1222,,,
-1293,,,
-1373,,,
-1164,,,
-1221,,,
-1100,,,
-1126,,,
-1298,,,
-1198,,,
-1199,,,
-1173,,,
-1260,,,
-1124,,,
-1236,,,
-1220,,,
-1161,,,
-1110,,,
-1063,,,
-1024,,,
-1120,,,
-1312,,,
-1138,,,
-1267,,,
-1213,,,
-1241,,,
-967,,,
-1204,,,
-1123,,,
-1184,,,
-1059,,,
-1145,,,
-1280,,,
-1175,,,
-1187,,,
-1145,,,
-1360,,,
-1175,,,
-1306,,,
-1081,,,
-1266,,,
-1105,,,
-1336,,,
-1418,,,
-1307,,,
-1176,,,
-1293,,,
-1055,,,
-1120,,,
-1132,,,
-1224,,,
-1071,,,
-1355,,,
-1039,,,
-1195,,,
-1309,,,
-1091,,,
-1084,,,
-1094,,,
-1081,,,
-1200,,,
-1053,,,
-995,,,
-1164,,,
-1215,,,
-1555,,,
-1363,,,
-1117,,,
-1084,,,
-1429,,,
-1195,,,
-1259,,,
-1090,,,
-965,,,
-1061,,,
-1050,,,
-928,,,
-1347,,,
-1217,,,
-1002,,,
-1170,,,
-1552,,,
-1145,,,
-1201,,,
-1172,,,
-1221,,,
-1353,,,
-1340,,,
-1244,,,
-978,,,
-1347,,,
-1274,,,
-1196,,,
-1396,,,
-1083,,,
-1186,,,
-1183,,,
-1262,,,
-1217,,,
-1178,,,
-1183,,,
-1020,,,
-1165,,,
-1091,,,
-1094,,,
-1145,,,
-1231,,,
-1306,,,
-1214,,,
-1127,,,
-1075,,,
-1198,,,
-992,,,
-1414,,,
-1151,,,
-1073,,,
-1165,,,
-1326,,,
-1285,,,
-1215,,,
-1227,,,
-1020,,,
-1142,,,
-1034,,,
-1166,,,
-1079,,,
-1338,,,
-1169,,,
-1082,,,
-1199,,,
-1063,,,
-1053,,,
-1044,,,
-1233,,,
-1053,,,
-1114,,,
-1147,,,
-1182,,,
-1127,,,
-1272,,,
-1037,,,
-1507,,,
-1172,,,
-1230,,,
-1154,,,
-1013,,,
-1029,,,
-1300,,,
-1194,,,
-1070,,,
-1363,,,
-1133,,,
-1146,,,
-1014,,,
-1106,,,
-1348,,,
-1122,,,
-1108,,,
-1150,,,
-1096,,,
-1150,,,
-1039,,,
-1181,,,
-1084,,,
-1064,,,
-1083,,,
-1005,,,
-1276,,,
-1185,,,
-1202,,,
-1147,,,
-1145,,,
-1225,,,
-1041,,,
-1191,,,
-1279,,,
-1203,,,
-1218,,,
-1288,,,
-1089,,,
-1268,,,
-1044,,,
-1028,,,
-1339,,,
-1049,,,
-1266,,,
-1156,,,
-1168,,,
-1057,,,
-1399,,,
-1149,,,
-1192,,,
-1112,,,
-1080,,,
-1312,,,
-915,,,
-1185,,,
-1063,,,
-1172,,,
-1261,,,
-1088,,,
-1182,,,
-1034,,,
-1125,,,
-986,,,
-1129,,,
-970,,,
-1170,,,
-1068,,,
-1038,,,
-1028,,,
-1086,,,
-1015,,,
-1311,,,
-1153,,,
-1173,,,
-1190,,,
-1048,,,
-1245,,,
-1230,,,
-1150,,,
-1048,,,
-1217,,,
-946,,,
-1136,,,
-1121,,,
-1076,,,
-1191,,,
-990,,,
-1135,,,
-966,,,
-968,,,
-986,,,
-1277,,,
-1084,,,
-999,,,
-1124,,,
-1129,,,
-959,,,
-1160,,,
-1065,,,
-1139,,,
-1249,,,
-954,,,
-1121,,,
-1229,,,
-1119,,,
-1153,,,
-1138,,,
-1069,,,
-978,,,
-1196,,,
-1246,,,
-1118,,,
-1135,,,
-1143,,,
-1259,,,
-1116,,,
-1129,,,
-1100,,,
-1107,,,
-1067,,,
-1268,,,
-1047,,,
-1112,,,
-986,,,
-1217,,,
-1123,,,
-1178,,,
-1236,,,
-1227,,,
-1159,,,
-1168,,,
-1162,,,
-1038,,,
-991,,,
-949,,,
-1035,,,
-1228,,,
-1169,,,
-1230,,,
-1224,,,
-1022,,,
-1247,,,
-1063,,,
-1001,,,
-1097,,,
-1199,,,
-1156,,,
-1120,,,
-1187,,,
-1179,,,
-1205,,,
-1115,,,
-1185,,,
-1091,,,
-1086,,,
-1104,,,
-1002,,,
-1252,,,
-1367,,,
-1030,,,
-1112,,,
-1113,,,
-1022,,,
-1047,,,
-964,,,
-1053,,,
-1162,,,
-1098,,,
-942,,,
-911,,,
-1221,,,
-1198,,,
-1061,,,
-1161,,,
-988,,,
-1148,,,
-1044,,,
-1063,,,
-1195,,,
-1316,,,
-1073,,,
-972,,,
-1253,,,
-1098,,,
-1177,,,
-1186,,,
-1027,,,
-1221,,,
-1164,,,
-1077,,,
-1141,,,
-1273,,,
-1078,,,
-1131,,,
-1180,,,
-1028,,,
-1197,,,
-1146,,,
-1203,,,
-1201,,,
-1099,,,
-1246,,,
-909,,,
-1115,,,
-1156,,,
-1108,,,
-1054,,,
-1087,,,
-1289,,,
-997,,,
-1056,,,
-996,,,
-1020,,,
-1065,,,
-1212,,,
-1156,,,
-971,,,
-1557,,,
-1190,,,
-1243,,,
-1018,,,
-1168,,,
-1170,,,
-1105,,,
-1067,,,
-1122,,,
-998,,,
-1079,,,
-1035,,,
-1139,,,
-1122,,,
-1103,,,
-1032,,,
-1265,,,
-1139,,,
-1124,,,
-1058,,,
-999,,,
-1182,,,
-1160,,,
-1060,,,
-1009,,,
-1105,,,
-982,,,
-1180,,,
-1133,,,
-1091,,,
-1097,,,
-1318,,,
-1180,,,
-1205,,,
-1035,,,
-1114,,,
-1163,,,
-1039,,,
-1032,,,
-1224,,,
-970,,,
-1150,,,
-894,,,
-1081,,,
-1252,,,
-1134,,,
-1030,,,
-1034,,,
-1014,,,
-1119,,,
-1076,,,
-1031,,,
-969,,,
-1018,,,
-1011,,,
-1009,,,
-1029,,,
-1046,,,
-1152,,,
-1143,,,
-1066,,,
-962,,,
-958,,,
-1126,,,
-958,,,
-1064,,,
-1123,,,
-1041,,,
-1020,,,
-1208,,,
-1233,,,
-1012,,,
-1199,,,
-1068,,,
-1001,,,
-1247,,,
-1229,,,
-1270,,,
-1242,,,
-1133,,,
-1244,,,
-1066,,,
-1152,,,
-1132,,,
-1272,,,
-1103,,,
-1208,,,
-1019,,,
-1039,,,
-1047,,,
-1219,,,
-1061,,,
-1098,,,
-869,,,
-1000,,,
-1114,,,
-1027,,,
-1118,,,
-1091,,,
-1130,,,
-1263,,,
-1004,,,
-1333,,,
-1016,,,
-1037,,,
-1049,,,
-1311,,,
-980,,,
-1093,,,
-1056,,,
-1123,,,
-983,,,
-1187,,,
-1100,,,
-979,,,
-994,,,
-1163,,,
-1239,,,
-1051,,,
-1075,,,
-1157,,,
-1031,,,
-1229,,,
-1067,,,
-1158,,,
-1122,,,
-1143,,,
-1209,,,
-1030,,,
-1109,,,
-1166,,,
-948,,,
-1094,,,
-1002,,,
-1095,,,
-1198,,,
-955,,,
-998,,,
-1025,,,
-1035,,,
-1005,,,
-1159,,,
-1192,,,
-1256,,,
-1183,,,
-1170,,,
-1130,,,
-1108,,,
-1140,,,
-1058,,,
-987,,,
-1150,,,
-1045,,,
-1206,,,
-1056,,,
-1070,,,
-1232,,,
-1030,,,
-1219,,,
-1048,,,
-1391,,,
-1036,,,
-1189,,,
-1054,,,
-1006,,,
-1029,,,
-1175,,,
-953,,,
-1011,,,
-1144,,,
-1242,,,
-1196,,,
-1004,,,
-1087,,,
-1102,,,
-1292,,,
-1058,,,
-1185,,,
-934,,,
-1042,,,
-1070,,,
-1036,,,
-1167,,,
-1157,,,
-1057,,,
-1129,,,
-1073,,,
-1067,,,
-1128,,,
-1457,,,
-1110,,,
-1101,,,
-987,,,
-1059,,,
-1180,,,
-1041,,,
-1126,,,
-1172,,,
-1047,,,
-1191,,,
-1101,,,
-1053,,,
-1040,,,
-1178,,,
-1125,,,
-962,,,
-1139,,,
-1128,,,
-1161,,,
-967,,,
-955,,,
-1006,,,
-961,,,
-1090,,,
-1152,,,
-1060,,,
-1001,,,
-1057,,,
-1068,,,
-1111,,,
-1004,,,
-1221,,,
-1069,,,
-1038,,,
-1088,,,
-1007,,,
-1036,,,
-987,,,
-913,,,
-1063,,,
-1052,,,
-1405,,,
-1206,,,
-1157,,,
-1027,,,
-1114,,,
-1129,,,
-984,,,
-1165,,,
-1221,,,
-1130,,,
-1160,,,
-1140,,,
-1087,,,
-1202,,,
-1104,,,
-1217,,,
-1365,,,
-1135,,,
-1063,,,
-1047,,,
-1120,,,
-1052,,,
-954,,,
-1063,,,
-1175,,,
-944,,,
-1103,,,
-1058,,,
-961,,,
-899,,,
-977,,,
-1235,,,
-1081,,,
-962,,,
-1144,,,
-1105,,,
-1094,,,
-969,,,
-1244,,,
-1167,,,
-1228,,,
-924,,,
-1132,,,
-982,,,
-1040,,,
-935,,,
-1093,,,
-1064,,,
-990,,,
-1070,,,
-1202,,,
-978,,,
-1089,,,
-1011,,,
-981,,,
-1132,,,
-943,,,
-1276,,,
-980,,,
-1166,,,
-1009,,,
-1084,,,
-994,,,
-1267,,,
-1010,,,
-1045,,,
-941,,,
-988,,,
-979,,,
-1146,,,
-1017,,,
-1064,,,
-1031,,,
-1003,,,
-1133,,,
-1176,,,
-1057,,,
-1155,,,
-1124,,,
-1234,,,
-1153,,,
-1110,,,
-1246,,,
-1137,,,
-1138,,,
-1047,,,
-1048,,,
-1051,,,
-1122,,,
-1002,,,
-1180,,,
-1032,,,
-920,,,
-1152,,,
-1048,,,
-1028,,,
-1010,,,
-977,,,
-991,,,
-956,,,
-1040,,,
-950,,,
-1015,,,
-988,,,
-964,,,
-1050,,,
-1315,,,
-1015,,,
-1188,,,
-1190,,,
-1008,,,
-1030,,,
-982,,,
-1026,,,
-955,,,
-1020,,,
-1039,,,
-1036,,,
-1018,,,
-1051,,,
-1038,,,
-1149,,,
-1083,,,
-894,,,
-936,,,
-1039,,,
-1008,,,
-1201,,,
-992,,,
-1203,,,
-902,,,
-1237,,,
-1069,,,
-1052,,,
-1180,,,
-963,,,
-1021,,,
-1144,,,
-924,,,
-1049,,,
-988,,,
-1065,,,
-1065,,,
-1143,,,
-986,,,
-1166,,,
-1046,,,
-1017,,,
-892,,,
-1107,,,
-1130,,,
-1049,,,
-1263,,,
-1124,,,
-959,,,
-1043,,,
-1177,,,
-1074,,,
-985,,,
-1344,,,
-1102,,,
-1086,,,
-1033,,,
-999,,,
-901,,,
-1195,,,
-1177,,,
-873,,,
-990,,,
-1185,,,
-1052,,,
-1174,,,
-1116,,,
-1167,,,
-991,,,
-994,,,
-1146,,,
-1064,,,
-997,,,
-1061,,,
-1138,,,
-1140,,,
-1217,,,
-1071,,,
-908,,,
-1132,,,
-1054,,,
-1068,,,
-1157,,,
-948,,,
-1113,,,
-973,,,
-913,,,
-1480,,,
-914,,,
-1063,,,
-939,,,
-1114,,,
-1065,,,
-981,,,
-991,,,
-1082,,,
-1004,,,
-1014,,,
-1001,,,
-1066,,,
-990,,,
-904,,,
-1272,,,
-988,,,
-1095,,,
-1077,,,
-1011,,,
-1022,,,
-962,,,
-1164,,,
-1088,,,
-1030,,,
-1030,,,
-1148,,,
-972,,,
-1178,,,
-1118,,,
-907,,,
-1294,,,
-1028,,,
-972,,,
-1251,,,
-1096,,,
-973,,,
-1075,,,
-1274,,,
-898,,,
-991,,,
-1053,,,
-1004,,,
-1061,,,
-990,,,
-1083,,,
-966,,,
-1086,,,
-1061,,,
-1235,,,
-1176,,,
-1023,,,
-1079,,,
-964,,,
-1145,,,
-957,,,
-1019,,,
-1045,,,
-1029,,,
-1120,,,
-1165,,,
-973,,,
-1123,,,
-1279,,,
-876,,,
-996,,,
-930,,,
-944,,,
-1156,,,
-852,,,
-1079,,,
-1139,,,
-1251,,,
-1131,,,
-1112,,,
-983,,,
-1188,,,
-1051,,,
-1078,,,
-1149,,,
-1295,,,
-1042,,,
-1043,,,
-1043,,,
-1098,,,
-1016,,,
-1153,,,
-1027,,,
-883,,,
-1025,,,
-1054,,,
-958,,,
-1046,,,
-980,,,
-998,,,
-856,,,
-968,,,
-1071,,,
-899,,,
-1062,,,
-1037,,,
-1089,,,
-983,,,
-1081,,,
-995,,,
-1097,,,
-974,,,
-1004,,,
-1021,,,
-1259,,,
-1153,,,
-1018,,,
-1167,,,
-1153,,,
-1071,,,
-1179,,,
-1085,,,
-1068,,,
-1020,,,
-1075,,,
-951,,,
-968,,,
-930,,,
-980,,,
-1124,,,
-900,,,
-998,,,
-1120,,,
-962,,,
-962,,,
-1181,,,
-972,,,
-1150,,,
-909,,,
-1090,,,
-976,,,
-1155,,,
-1054,,,
-1065,,,
-1074,,,
-1106,,,
-1305,,,
-889,,,
-1020,,,
-1178,,,
-1040,,,
-1134,,,
-1078,,,
-1283,,,
-1191,,,
-975,,,
-1250,,,
-1079,,,
-1045,,,
-1141,,,
-986,,,
-1117,,,
-866,,,
-1070,,,
-1025,,,
-1219,,,
-1135,,,
-1320,,,
-1258,,,
-1102,,,
-1038,,,
-1014,,,
-1152,,,
-969,,,
-1014,,,
-940,,,
-1036,,,
-1104,,,
-971,,,
-1327,,,
-966,,,
-1244,,,
-1115,,,
-980,,,
-1147,,,
-1113,,,
-897,,,
-1024,,,
-1005,,,
-1097,,,
-1061,,,
-850,,,
-953,,,
-936,,,
-1136,,,
-1092,,,
-952,,,
-1163,,,
-1037,,,
-1130,,,
-998,,,
-927,,,
-1134,,,
-1081,,,
-930,,,
-1061,,,
-1207,,,
-1076,,,
-1084,,,
-1040,,,
-1000,,,
-1049,,,
-955,,,
-1138,,,
-1021,,,
-1108,,,
-985,,,
-1050,,,
-1027,,,
-1015,,,
-1060,,,
-1073,,,
-1247,,,
-984,,,
-1106,,,
-1166,,,
-1148,,,
-1038,,,
-1060,,,
-1016,,,
-1139,,,
-1047,,,
-1276,,,
-1145,,,
-1083,,,
-1076,,,
-1121,,,
-1013,,,
-1034,,,
-1062,,,
-1125,,,
-980,,,
-888,,,
-1025,,,
-826,,,
-967,,,
-1170,,,
-905,,,
-989,,,
-1051,,,
-1010,,,
-1166,,,
-887,,,
-1131,,,
-1034,,,
-920,,,
-936,,,
-1099,,,
-1034,,,
-1120,,,
-984,,,
-1056,,,
-1072,,,
-1022,,,
-996,,,
-975,,,
-1142,,,
-985,,,
-990,,,
-1101,,,
-1150,,,
-993,,,
-1213,,,
-1003,,,
-1191,,,
-1007,,,
-1068,,,
-1174,,,
-1108,,,
-1018,,,
-1107,,,
-1023,,,
-1107,,,
-993,,,
-1162,,,
-1104,,,
-1094,,,
-1061,,,
-1118,,,
-1197,,,
-1019,,,
-1132,,,
-1060,,,
-1077,,,
-1037,,,
-988,,,
-1156,,,
-1089,,,
-1047,,,
-1014,,,
-998,,,
-1076,,,
-986,,,
-1055,,,
-1081,,,
-1005,,,
-954,,,
-990,,,
-1018,,,
-1115,,,
-1002,,,
-1085,,,
-963,,,
-1095,,,
-1173,,,
-1153,,,
-970,,,
-1051,,,
-1058,,,
-1079,,,
-1193,,,
-1237,,,
-980,,,
-924,,,
-962,,,
-993,,,
-1213,,,
-1118,,,
-1023,,,
-1118,,,
-953,,,
-978,,,
-979,,,
-1229,,,
-1142,,,
-1244,,,
-1077,,,
-925,,,
-1073,,,
-1130,,,
-967,,,
-1153,,,
-1149,,,
-1082,,,
-1024,,,
-1066,,,
-1150,,,
-1190,,,
-1039,,,
-1021,,,
-1234,,,
-1066,,,
-969,,,
-954,,,
-992,,,
-1258,,,
-977,,,
-1059,,,
-1211,,,
-1124,,,
-1011,,,
-968,,,
-1181,,,
-1199,,,
-1161,,,
-1117,,,
-1073,,,
-1196,,,
-997,,,
-1265,,,
-1264,,,
-1087,,,
-1128,,,
-1044,,,
-962,,,
-1174,,,
-1278,,,
-1132,,,
-1023,,,
-1012,,,
-1405,,,
-1056,,,
-1002,,,
-1036,,,
-941,,,
-1022,,,
-1139,,,
-1175,,,
-1193,,,
-1082,,,
-939,,,
-978,,,
-1113,,,
-1034,,,
-943,,,
-1176,,,
-1112,,,
-946,,,
-982,,,
-1088,,,
-1077,,,
-1133,,,
-1073,,,
-1046,,,
-991,,,
-1243,,,
-1122,,,
-999,,,
-1392,,,
-1098,,,
-924,,,
-943,,,
-959,,,
-1019,,,
-1114,,,
-1121,,,
-1102,,,
-1118,,,
-1224,,,
-1250,,,
-1080,,,
-1047,,,
-1119,,,
-1091,,,
-1084,,,
-1037,,,
-1105,,,
-1082,,,
-1019,,,
-1132,,,
-1090,,,
-1213,,,
-1153,,,
-1011,,,
-1161,,,
-1079,,,
-1229,,,
-1096,,,
-1122,,,
-964,,,
-979,,,
-1019,,,
-1237,,,
-1009,,,
-1042,,,
-1166,,,
-1005,,,
-1073,,,
-1070,,,
-977,,,
-1006,,,
-1093,,,
-1152,,,
-1024,,,
-965,,,
-1066,,,
-1152,,,
-957,,,
-1063,,,
-1096,,,
-1039,,,
-1060,,,
-1111,,,
-999,,,
-912,,,
-1013,,,
-1106,,,
-1141,,,
-1128,,,
-1152,,,
-947,,,
-1026,,,
-1076,,,
-1098,,,
-965,,,
-931,,,
-974,,,
-1006,,,
-1043,,,
-1108,,,
-1136,,,
-1110,,,
-961,,,
-1044,,,
-1055,,,
-970,,,
-859,,,
-1081,,,
-1072,,,
-895,,,
-1071,,,
-1103,,,
-1161,,,
-963,,,
-1187,,,
-994,,,
-1355,,,
-1090,,,
-1069,,,
-1037,,,
-1046,,,
-1159,,,
-966,,,
-951,,,
-1038,,,
-902,,,
-1034,,,
-1030,,,
-1044,,,
-949,,,
-1036,,,
-975,,,
-1038,,,
-953,,,
-1000,,,
-993,,,
-948,,,
-1083,,,
-1058,,,
-988,,,
-967,,,
-934,,,
-1033,,,
-1087,,,
-1085,,,
-1166,,,
-1169,,,
-1148,,,
-1090,,,
-1046,,,
-1056,,,
-926,,,
-1065,,,
-1028,,,
-1181,,,
-966,,,
-813,,,
-923,,,
-1135,,,
-1065,,,
-1108,,,
-835,,,
-1000,,,
-976,,,
-866,,,
-1012,,,
-1025,,,
-891,,,
-914,,,
-853,,,
-837,,,
-1001,,,
-944,,,
-1062,,,
-918,,,
-1175,,,
-963,,,
-1157,,,
-925,,,
-993,,,
-1177,,,
-890,,,
-997,,,
-952,,,
-916,,,
-871,,,
-1138,,,
-973,,,
-899,,,
-875,,,
-1137,,,
-1050,,,
-943,,,
-1021,,,
-1101,,,
-1129,,,
-968,,,
-1008,,,
-964,,,
-937,,,
-951,,,
-1023,,,
-1086,,,
-1056,,,
-1174,,,
-1141,,,
-1275,,,
-964,,,
-1109,,,
-1088,,,
-1001,,,
-935,,,
-1073,,,
-1069,,,
-961,,,
-1240,,,
-1146,,,
-1038,,,
-1096,,,
-1111,,,
-1056,,,
-1162,,,
-1116,,,
-1102,,,
-937,,,
-1096,,,
-1173,,,
-1081,,,
-952,,,
-1137,,,
-864,,,
-1048,,,
-1055,,,
-1106,,,
-1046,,,
-911,,,
-930,,,
-941,,,
-1135,,,
-1068,,,
-1017,,,
-925,,,
-1145,,,
-953,,,
-1077,,,
-1127,,,
-1168,,,
-1035,,,
-952,,,
-955,,,
-904,,,
-1170,,,
-982,,,
-1055,,,
-1207,,,
-1276,,,
-1011,,,
-1022,,,
-912,,,
-1077,,,
-935,,,
-1107,,,
-986,,,
-1285,,,
-940,,,
-1018,,,
-1101,,,
-955,,,
-1033,,,
-1021,,,
-1047,,,
-1066,,,
-1113,,,
-1103,,,
-912,,,
-1161,,,
-1077,,,
-1150,,,
-1010,,,
-969,,,
-1009,,,
-964,,,
-969,,,
-893,,,
-994,,,
-1340,,,
-920,,,
-972,,,
-1130,,,
-1222,,,
-1040,,,
-1036,,,
-1071,,,
-1045,,,
-1182,,,
-978,,,
-1083,,,
-1076,,,
-950,,,
-1172,,,
-1056,,,
-961,,,
-1071,,,
-948,,,
-1078,,,
-1055,,,
-938,,,
-920,,,
-907,,,
-1089,,,
-972,,,
-882,,,
-961,,,
-942,,,
-1127,,,
-898,,,
-1110,,,
-1129,,,
-1002,,,
-954,,,
-1065,,,
-976,,,
-932,,,
-1061,,,
-1100,,,
-1081,,,
-951,,,
-1008,,,
-1012,,,
-906,,,
-1259,,,
-1055,,,
-1083,,,
-918,,,
-1113,,,
-1150,,,
-1104,,,
-927,,,
-1024,,,
-960,,,
-894,,,
-1167,,,
-1083,,,
-1114,,,
-941,,,
-948,,,
-939,,,
-1012,,,
-1109,,,
-1064,,,
-1151,,,
-1043,,,
-1162,,,
-1258,,,
-1124,,,
-960,,,
-1090,,,
-988,,,
-1187,,,
-1011,,,
-1024,,,
-1068,,,
-1143,,,
-1059,,,
-936,,,
-1331,,,
-1026,,,
-1164,,,
-1059,,,
-878,,,
-1048,,,
-1166,,,
-1054,,,
-1072,,,
-872,,,
-1105,,,
-1044,,,
-1184,,,
-1004,,,
-1067,,,
-1178,,,
-1084,,,
-972,,,
-1064,,,
-991,,,
-1054,,,
-1077,,,
-1224,,,
-1160,,,
-1022,,,
-996,,,
-1111,,,
-850,,,
-971,,,
-1283,,,
-1148,,,
-1001,,,
-1112,,,
-954,,,
-956,,,
-1006,,,
-1013,,,
-1085,,,
-1091,,,
-943,,,
-936,,,
-1077,,,
-1127,,,
-979,,,
-1004,,,
-1005,,,
-1130,,,
-1054,,,
-1156,,,
-1148,,,
-1011,,,
-1169,,,
-1087,,,
-988,,,
-1051,,,
-1255,,,
-1060,,,
-1157,,,
-1044,,,
-1110,,,
-1116,,,
-1041,,,
-909,,,
-966,,,
-1012,,,
-1069,,,
-927,,,
-974,,,
-1083,,,
-1087,,,
-994,,,
-1224,,,
-980,,,
-1217,,,
-933,,,
-927,,,
-944,,,
-930,,,
-988,,,
-1098,,,
-1041,,,
-928,,,
-872,,,
-913,,,
-1028,,,
-958,,,
-1109,,,
-906,,,
-1051,,,
-1065,,,
-1026,,,
-998,,,
-985,,,
-1107,,,
-975,,,
-1248,,,
-1006,,,
-998,,,
-1140,,,
-1132,,,
-1004,,,
-1149,,,
-1021,,,
-946,,,
-932,,,
-957,,,
-1120,,,
-898,,,
-1009,,,
-1206,,,
-1057,,,
-1059,,,
-1021,,,
-958,,,
-1027,,,
-992,,,
-1061,,,
-943,,,
-1016,,,
-1141,,,
-990,,,
-1015,,,
-990,,,
-1005,,,
-988,,,
-1092,,,
-1155,,,
-1275,,,
-920,,,
-983,,,
-1097,,,
-923,,,
-886,,,
-1018,,,
-922,,,
-1066,,,
-1316,,,
-1231,,,
-969,,,
-1000,,,
-1083,,,
-930,,,
-904,,,
-1075,,,
-978,,,
-926,,,
-1049,,,
-948,,,
-954,,,
-1061,,,
-964,,,
-890,,,
-1041,,,
-910,,,
-1081,,,
-1060,,,
-986,,,
-1123,,,
-1033,,,
-1035,,,
-1045,,,
-980,,,
-1032,,,
-1051,,,
-1071,,,
-1002,,,
-1130,,,
-1246,,,
-1026,,,
-924,,,
-1086,,,
-936,,,
-931,,,
-925,,,
-1102,,,
-984,,,
-916,,,
-912,,,
-1086,,,
-1236,,,
-1130,,,
-1020,,,
-861,,,
-969,,,
-1001,,,
-1039,,,
-1103,,,
-1224,,,
-1027,,,
-919,,,
-1053,,,
-922,,,
-1093,,,
-935,,,
-1172,,,
-980,,,
-1171,,,
-1081,,,
-1111,,,
-963,,,
-1115,,,
-985,,,
-903,,,
-1042,,,
-1096,,,
-826,,,
-1128,,,
-970,,,
-1070,,,
-954,,,
-1034,,,
-1041,,,
-1298,,,
-993,,,
-1043,,,
-1037,,,
-1151,,,
-1127,,,
-1038,,,
-1016,,,
-938,,,
-1064,,,
-1105,,,
-1229,,,
-1028,,,
-989,,,
-1114,,,
-1039,,,
-1088,,,
-1025,,,
-1017,,,
-1033,,,
-966,,,
-1064,,,
-1085,,,
-989,,,
-990,,,
-911,,,
-1142,,,
-1030,,,
-1035,,,
-922,,,
-1116,,,
-969,,,
-1058,,,
-1021,,,
-910,,,
-1182,,,
-910,,,
-873,,,
-970,,,
-998,,,
-1174,,,
-1121,,,
-1311,,,
-1106,,,
-929,,,
-949,,,
-981,,,
-964,,,
-1158,,,
-1156,,,
-1044,,,
-945,,,
-933,,,
-940,,,
-1028,,,
-1032,,,
-1237,,,
-955,,,
-1119,,,
-945,,,
-996,,,
-1043,,,
-1129,,,
-1172,,,
-958,,,
-1069,,,
-985,,,
-1004,,,
-1029,,,
-990,,,
-1111,,,
-1032,,,
-1054,,,
-944,,,
-1104,,,
-890,,,
-1001,,,
-989,,,
-1170,,,
-1146,,,
-1067,,,
-1049,,,
-1089,,,
-1053,,,
-1077,,,
-1113,,,
-1158,,,
-1017,,,
-1091,,,
-1048,,,
-1098,,,
-1076,,,
-1178,,,
-995,,,
-885,,,
-1085,,,
-887,,,
-853,,,
-969,,,
-1096,,,
-1093,,,
-928,,,
-978,,,
-1238,,,
-1159,,,
-1056,,,
-1056,,,
-984,,,
-1041,,,
-1117,,,
-987,,,
-997,,,
-1028,,,
-1158,,,
-889,,,
-1093,,,
-912,,,
-1127,,,
-1119,,,
-1034,,,
-914,,,
-1023,,,
-996,,,
-979,,,
-1075,,,
-1068,,,
-1141,,,
-1111,,,
-914,,,
-926,,,
-973,,,
-839,,,
-1043,,,
-1077,,,
-1031,,,
-990,,,
-1122,,,
-929,,,
-1188,,,
-1212,,,
-958,,,
-1014,,,
-908,,,
-1065,,,
-1126,,,
-944,,,
-1224,,,
-959,,,
-1065,,,
-911,,,
-1057,,,
-1030,,,
-924,,,
-1010,,,
-844,,,
-1112,,,
-983,,,
-1027,,,
-1136,,,
-1077,,,
-1024,,,
-1116,,,
-1010,,,
-1103,,,
-1051,,,
-1020,,,
-1112,,,
-967,,,
-915,,,
-989,,,
-975,,,
-1027,,,
-955,,,
-1228,,,
-998,,,
-1094,,,
-1034,,,
-1114,,,
-1132,,,
-989,,,
-1213,,,
-1040,,,
-1130,,,
-1007,,,
-952,,,
-983,,,
-1153,,,
-962,,,
-1070,,,
-1061,,,
-1044,,,
-1284,,,
-1362,,,
-1064,,,
-990,,,
-882,,,
-1157,,,
-1079,,,
-1065,,,
-1279,,,
-1159,,,
-1148,,,
-1037,,,
-1007,,,
-1121,,,
-1028,,,
-1071,,,
-1029,,,
-846,,,
-1243,,,
-1116,,,
-1183,,,
-1126,,,
-1030,,,
-991,,,
-1217,,,
-1171,,,
-1203,,,
-1164,,,
-989,,,
-980,,,
-1021,,,
-1178,,,
-1049,,,
-906,,,
-1062,,,
-1047,,,
-1180,,,
-1166,,,
-1034,,,
-1101,,,
-1086,,,
-1162,,,
-1172,,,
-1108,,,
-1062,,,
-998,,,
-1302,,,
-1030,,,
-1080,,,
-902,,,
-1065,,,
-1026,,,
-961,,,
-1138,,,
-1077,,,
-1114,,,
-990,,,
-1224,,,
-1082,,,
-947,,,
-1019,,,
-1234,,,
-975,,,
-1165,,,
-976,,,
-1022,,,
-974,,,
-972,,,
-1134,,,
-1002,,,
-953,,,
-971,,,
-1229,,,
-1000,,,
-975,,,
-1010,,,
-940,,,
-1139,,,
-1224,,,
-1224,,,
-1059,,,
-1088,,,
-962,,,
-1118,,,
-1138,,,
-1029,,,
-898,,,
-1013,,,
-1071,,,
-1140,,,
-1011,,,
-904,,,
-963,,,
-1128,,,
-1157,,,
-1159,,,
-1212,,,
-1013,,,
-1074,,,
-976,,,
-1022,,,
-949,,,
-1195,,,
-1078,,,
-1212,,,
-1058,,,
-1029,,,
-973,,,
-1048,,,
-1061,,,
-984,,,
-939,,,
-1227,,,
-1193,,,
-1021,,,
-1180,,,
-974,,,
-1109,,,
-1192,,,
-1345,,,
-1040,,,
-978,,,
-1077,,,
-1105,,,
-1216,,,
-1097,,,
-1066,,,
-956,,,
-1172,,,
-1545,,,
-1184,,,
-996,,,
-1177,,,
-1078,,,
-1031,,,
-1090,,,
-1154,,,
-975,,,
-1134,,,
-1168,,,
-1140,,,
-1114,,,
-1126,,,
-1113,,,
-1140,,,
-1008,,,
-1114,,,
-1057,,,
-1037,,,
-951,,,
-974,,,
-1256,,,
-1203,,,
-1108,,,
-1086,,,
-1168,,,
-1106,,,
-1097,,,
-1137,,,
-959,,,
-1096,,,
-965,,,
-942,,,
-964,,,
-1032,,,
-968,,,
-1047,,,
-965,,,
-945,,,
-1012,,,
-1224,,,
-1170,,,
-1000,,,
-1133,,,
-1052,,,
-1077,,,
-1061,,,
-1129,,,
-1110,,,
-1071,,,
-926,,,
-1163,,,
-973,,,
-937,,,
-1168,,,
-1052,,,
-1273,,,
-1048,,,
-1100,,,
-1018,,,
-1171,,,
-1007,,,
-921,,,
-1020,,,
-1108,,,
-1029,,,
-1061,,,
-1069,,,
-1012,,,
-908,,,
-1254,,,
-1145,,,
-1062,,,
-991,,,
-907,,,
-1124,,,
-969,,,
-1272,,,
-1195,,,
-1222,,,
-1114,,,
-1011,,,
-927,,,
-1104,,,
-1324,,,
-968,,,
-1115,,,
-1148,,,
-1086,,,
-1021,,,
-939,,,
-931,,,
-1051,,,
-1135,,,
-1072,,,
-1067,,,
-1078,,,
-1227,,,
-993,,,
-947,,,
-1225,,,
-1056,,,
-1259,,,
-1065,,,
-1026,,,
-1219,,,
-1036,,,
-1073,,,
-940,,,
-1097,,,
-1011,,,
-1293,,,
-1086,,,
-974,,,
-1063,,,
-956,,,
-1020,,,
-943,,,
-951,,,
-1261,,,
-1020,,,
-1159,,,
-1107,,,
-995,,,
-1070,,,
-965,,,
-1126,,,
-945,,,
-1031,,,
-1024,,,
-1075,,,
-1097,,,
-1073,,,
-1230,,,
-1115,,,
-1171,,,
-1117,,,
-1099,,,
-1200,,,
-1182,,,
-1227,,,
-1050,,,
-911,,,
-965,,,
-1109,,,
-1159,,,
-1216,,,
-1096,,,
-1139,,,
-1132,,,
-1079,,,
-1142,,,
-1099,,,
-1048,,,
-1191,,,
-982,,,
-1079,,,
-1104,,,
-1148,,,
-1035,,,
-1091,,,
-934,,,
-1031,,,
-1065,,,
-1216,,,
-1103,,,
-1095,,,
-983,,,
-1046,,,
-1119,,,
-1123,,,
-1185,,,
-978,,,
-1310,,,
-1206,,,
-1216,,,
-1016,,,
-1002,,,
-1051,,,
-1088,,,
-1063,,,
-1217,,,
-891,,,
-1006,,,
-1001,,,
-928,,,
-1062,,,
-954,,,
-1407,,,
-1412,,,
-989,,,
-1006,,,
-1121,,,
-1337,,,
-1014,,,
-1167,,,
-958,,,
-1062,,,
-1050,,,
-1153,,,
-1051,,,
-1067,,,
-1113,,,
-1191,,,
-1216,,,
-1062,,,
-1058,,,
-1095,,,
-1154,,,
-1039,,,
-1020,,,
-1129,,,
-1147,,,
-1011,,,
-1039,,,
-1349,,,
-944,,,
-921,,,
-1055,,,
-1303,,,
-1247,,,
-1297,,,
-1125,,,
-1003,,,
-1040,,,
-1277,,,
-1229,,,
-982,,,
-1103,,,
-1161,,,
-969,,,
-1140,,,
-1096,,,
-1025,,,
-1144,,,
-1038,,,
-1068,,,
-1178,,,
-1126,,,
-1172,,,
-1345,,,
-1007,,,
-1236,,,
-1098,,,
-1062,,,
-1032,,,
-960,,,
-989,,,
-1197,,,
-1054,,,
-1132,,,
-1159,,,
-1067,,,
-1116,,,
-1199,,,
-1086,,,
-1595,,,
-1022,,,
-889,,,
-1030,,,
-1013,,,
-1206,,,
-933,,,
-997,,,
-899,,,
-1225,,,
-1126,,,
-927,,,
-949,,,
-1030,,,
-1085,,,
-1027,,,
-1119,,,
-1130,,,
-1009,,,
-1035,,,
-1082,,,
-1059,,,
-1156,,,
-1109,,,
-1097,,,
-1042,,,
-1086,,,
-1071,,,
-1215,,,
-1280,,,
-1062,,,
-1086,,,
-1343,,,
-1167,,,
-1197,,,
-1297,,,
-1167,,,
-1279,,,
-1277,,,
-1193,,,
-1016,,,
-983,,,
-1227,,,
-1165,,,
-1240,,,
-1166,,,
-1070,,,
-1027,,,
-1158,,,
-1307,,,
-1064,,,
-977,,,
-1038,,,
-998,,,
-1047,,,
-1081,,,
-1072,,,
-1071,,,
-1014,,,
-1030,,,
-1093,,,
-1196,,,
-900,,,
-1065,,,
-1181,,,
-1209,,,
-1307,,,
-1012,,,
-1161,,,
-1223,,,
-994,,,
-1336,,,
-1070,,,
-1039,,,
-976,,,
-989,,,
-1159,,,
-1173,,,
-1074,,,
-1387,,,
-1180,,,
-1056,,,
-1158,,,
-1163,,,
-1121,,,
-1038,,,
-1200,,,
-1172,,,
-1101,,,
-1211,,,
-1300,,,
-1001,,,
-1087,,,
-1034,,,
-1049,,,
-1048,,,
-982,,,
-1017,,,
-999,,,
-1221,,,
-1217,,,
-1008,,,
-1061,,,
-1197,,,
-1154,,,
-933,,,
-1021,,,
-1172,,,
-1178,,,
-1373,,,
-1049,,,
-947,,,
-1028,,,
-1147,,,
-1054,,,
-1154,,,
-974,,,
-1165,,,
-1440,,,
-1195,,,
-1082,,,
-1144,,,
-971,,,
-1078,,,
-1117,,,
-1115,,,
-1039,,,
-1244,,,
-1084,,,
-1113,,,
-1003,,,
-1038,,,
-965,,,
-1043,,,
-1124,,,
-972,,,
-1107,,,
-1178,,,
-926,,,
-1240,,,
-1092,,,
-959,,,
-1075,,,
-1102,,,
-1068,,,
-1034,,,
-1232,,,
-1103,,,
-1078,,,
-1146,,,
-1116,,,
-1132,,,
-1200,,,
-1052,,,
-1043,,,
-1047,,,
-1021,,,
-1092,,,
-1020,,,
-987,,,
-1184,,,
-1280,,,
-1124,,,
-1094,,,
-1044,,,
-986,,,
-1182,,,
-1085,,,
-1148,,,
-986,,,
-1331,,,
-1244,,,
-1419,,,
-1064,,,
-993,,,
-1240,,,
-1123,,,
-1234,,,
-1114,,,
-1224,,,
-1091,,,
-1069,,,
-1038,,,
-1216,,,
-1285,,,
-1104,,,
-1102,,,
-1142,,,
-1231,,,
-956,,,
-1130,,,
-897,,,
-1074,,,
-964,,,
-1105,,,
-998,,,
-1002,,,
-1082,,,
-1102,,,
-913,,,
-1287,,,
-932,,,
-985,,,
-960,,,
-1065,,,
-1208,,,
-1225,,,
-1218,,,
-1075,,,
-1063,,,
-1116,,,
-1091,,,
-1088,,,
-1356,,,
-994,,,
-969,,,
-1022,,,
-925,,,
-1220,,,
-1258,,,
-1197,,,
-1049,,,
-1224,,,
-921,,,
-1036,,,
-1108,,,
-1143,,,
-876,,,
-1105,,,
-1289,,,
-990,,,
-1228,,,
-961,,,
-1167,,,
-1021,,,
-927,,,
-938,,,
-1186,,,
-1126,,,
-1037,,,
-1081,,,
-1052,,,
-1250,,,
-951,,,
-1179,,,
-1064,,,
-1117,,,
-1050,,,
-990,,,
-1007,,,
-1001,,,
-1104,,,
-1029,,,
-993,,,
-1159,,,
-1133,,,
-982,,,
-1174,,,
-1011,,,
-1111,,,
-1063,,,
-957,,,
-1015,,,
-1108,,,
-1141,,,
-1151,,,
-1026,,,
-1157,,,
-1140,,,
-1160,,,
-1138,,,
-1185,,,
-1196,,,
-1268,,,
-1175,,,
-1017,,,
-1197,,,
-1005,,,
-1083,,,
-1055,,,
-1060,,,
-1184,,,
-1232,,,
-1127,,,
-1028,,,
-1104,,,
-1113,,,
-1003,,,
-1105,,,
-1016,,,
-1061,,,
-1028,,,
-1213,,,
-1061,,,
-1020,,,
-1042,,,
-1178,,,
-1084,,,
-994,,,
-1173,,,
-1105,,,
-1234,,,
-1259,,,
-1246,,,
-1030,,,
-1203,,,
-942,,,
-923,,,
-1273,,,
-1141,,,
-1033,,,
-928,,,
-1258,,,
-1030,,,
-1066,,,
-1266,,,
-1066,,,
-1034,,,
-1173,,,
-1014,,,
-1165,,,
-1002,,,
-1249,,,
-1242,,,
-1208,,,
-1146,,,
-1052,,,
-1287,,,
-1079,,,
-979,,,
-1188,,,
-990,,,
-1158,,,
-943,,,
-942,,,
-1043,,,
-1240,,,
-1119,,,
-1018,,,
-1319,,,
-904,,,
-976,,,
-1133,,,
-1282,,,
-1173,,,
-1290,,,
-1073,,,
-1106,,,
-1108,,,
-962,,,
-1112,,,
-1098,,,
-938,,,
-1151,,,
-1084,,,
-1066,,,
-1245,,,
-1024,,,
-1106,,,
-1282,,,
-1007,,,
-1041,,,
-1009,,,
-1205,,,
-1063,,,
-1032,,,
-1093,,,
-1051,,,
-1210,,,
-1013,,,
-995,,,
-1179,,,
-1089,,,
-1161,,,
-952,,,
-1075,,,
-1226,,,
-1131,,,
-1125,,,
-1032,,,
-1135,,,
-1182,,,
-1010,,,
-1141,,,
-1070,,,
-1227,,,
-923,,,
-870,,,
-1163,,,
-1061,,,
-992,,,
-1078,,,
-1171,,,
-1034,,,
-1259,,,
-985,,,
-1101,,,
-1190,,,
-1127,,,
-997,,,
-1023,,,
-1144,,,
-988,,,
-980,,,
-967,,,
-1285,,,
-1138,,,
-1244,,,
-1028,,,
-1177,,,
-1131,,,
-1163,,,
-956,,,
-1086,,,
-1065,,,
-973,,,
-1011,,,
-1002,,,
-1054,,,
-1136,,,
-985,,,
-1033,,,
-1090,,,
-1179,,,
-930,,,
-1093,,,
-1193,,,
-1244,,,
-950,,,
-1047,,,
-1099,,,
-1064,,,
-1018,,,
-982,,,
-1152,,,
-1228,,,
-1233,,,
-1151,,,
-1077,,,
-1017,,,
-1042,,,
-957,,,
-1007,,,
-1131,,,
-1062,,,
-1138,,,
-1023,,,
-1179,,,
-1193,,,
-1152,,,
-1232,,,
-1180,,,
-967,,,
-991,,,
-966,,,
-1115,,,
-1124,,,
-1069,,,
-1236,,,
-1139,,,
-1118,,,
-1186,,,
-1090,,,
-977,,,
-1034,,,
-1089,,,
-924,,,
-1102,,,
-815,,,
-1027,,,
-1245,,,
-1181,,,
-1086,,,
-1132,,,
-1123,,,
-1053,,,
-1184,,,
-1149,,,
-1259,,,
-1128,,,
-1363,,,
-1164,,,
-1252,,,
-1199,,,
-1098,,,
-1053,,,
-1258,,,
-1048,,,
-1086,,,
-1179,,,
-1158,,,
-1162,,,
-1169,,,
-1103,,,
-1026,,,
-1085,,,
-1044,,,
-1203,,,
-1134,,,
-977,,,
-1214,,,
-1035,,,
-1146,,,
-1264,,,
-1019,,,
-1088,,,
-1108,,,
-1193,,,
-1251,,,
-1159,,,
-1115,,,
-1024,,,
-1178,,,
-1042,,,
-1139,,,
-1090,,,
-1116,,,
-958,,,
-1201,,,
-1176,,,
-1176,,,
-1112,,,
-1174,,,
-1180,,,
-1118,,,
-953,,,
-942,,,
-1234,,,
-1023,,,
-1223,,,
-1261,,,
-1103,,,
-1226,,,
-1202,,,
-1064,,,
-1056,,,
-1161,,,
-1312,,,
-1199,,,
-1137,,,
-1130,,,
-1124,,,
-1099,,,
-1214,,,
-1054,,,
-1089,,,
-1337,,,
-1152,,,
-1020,,,
-1210,,,
-1044,,,
-1111,,,
-1003,,,
-1126,,,
-1323,,,
-1141,,,
-979,,,
-1422,,,
-1181,,,
-1151,,,
-1065,,,
-1162,,,
-990,,,
-1208,,,
-1049,,,
-1114,,,
-1042,,,
-1070,,,
-1278,,,
-989,,,
-1077,,,
-1352,,,
-1197,,,
-1148,,,
-1235,,,
-1025,,,
-932,,,
-1107,,,
-1239,,,
-1010,,,
-1106,,,
-983,,,
-1023,,,
-923,,,
-1068,,,
-988,,,
-1063,,,
-1027,,,
-1135,,,
-1281,,,
-1155,,,
-1006,,,
-1364,,,
-1109,,,
-1135,,,
-1082,,,
-991,,,
-1126,,,
-1187,,,
-967,,,
-1075,,,
-1000,,,
-891,,,
-1014,,,
-1254,,,
-957,,,
-990,,,
-1136,,,
-1079,,,
-1038,,,
-1157,,,
-1000,,,
-1225,,,
-1064,,,
-1016,,,
-1155,,,
-1166,,,
-1203,,,
-1131,,,
-1130,,,
-1149,,,
-1113,,,
-1170,,,
-1070,,,
-1167,,,
-1312,,,
-967,,,
-1049,,,
-885,,,
-1202,,,
-1154,,,
-1057,,,
-939,,,
-1076,,,
-1164,,,
-1167,,,
-1242,,,
-1222,,,
-1253,,,
-1144,,,
-1057,,,
-918,,,
-1070,,,
-1052,,,
-1058,,,
-1216,,,
-1028,,,
-1065,,,
-1347,,,
-1144,,,
-1073,,,
-1031,,,
-1342,,,
-1090,,,
-1017,,,
-1280,,,
-1020,,,
-1050,,,
-1041,,,
-1173,,,
-1116,,,
-1048,,,
-1170,,,
-1143,,,
-934,,,
-1064,,,
-1104,,,
-1225,,,
-1185,,,
-1046,,,
-1191,,,
-1255,,,
-1027,,,
-1227,,,
-1073,,,
-1453,,,
-1047,,,
-1163,,,
-1233,,,
-1215,,,
-1125,,,
-1302,,,
-1073,,,
-1191,,,
-1378,,,
-1070,,,
-1185,,,
-1053,,,
-1039,,,
-1199,,,
-1118,,,
-1074,,,
-952,,,
-1038,,,
-1197,,,
-1188,,,
-1267,,,
-1140,,,
-990,,,
-1231,,,
-1163,,,
-1098,,,
-1080,,,
-1125,,,
-1077,,,
-1051,,,
-1144,,,
-1013,,,
-1189,,,
-1161,,,
-1068,,,
-1335,,,
-1103,,,
-1050,,,
-1005,,,
-1008,,,
-1140,,,
-1187,,,
-1197,,,
-1080,,,
-956,,,
-972,,,
-947,,,
-980,,,
-1198,,,
-1003,,,
-1103,,,
-1082,,,
-1214,,,
-1097,,,
-1117,,,
-1102,,,
-1254,,,
-1102,,,
-1105,,,
-1148,,,
-1206,,,
-1140,,,
-964,,,
-947,,,
-976,,,
-1248,,,
-1226,,,
-991,,,
-1299,,,
-1206,,,
-1269,,,
-1068,,,
-998,,,
-1429,,,
-1209,,,
-1235,,,
-1318,,,
-1228,,,
-1257,,,
-964,,,
-1061,,,
-1071,,,
-1128,,,
-996,,,
-986,,,
-1300,,,
-1226,,,
-1215,,,
-1228,,,
-1128,,,
-943,,,
-1111,,,
-1163,,,
-1288,,,
-988,,,
-1074,,,
-1052,,,
-1184,,,
-1258,,,
-1264,,,
-1016,,,
-1163,,,
-1118,,,
-1088,,,
-1287,,,
-998,,,
-1008,,,
-1017,,,
-1045,,,
-1080,,,
-1206,,,
-1201,,,
-1053,,,
-1119,,,
-1042,,,
-1062,,,
-1080,,,
-996,,,
-1293,,,
-1226,,,
-1013,,,
-1335,,,
-1254,,,
-1064,,,
-1152,,,
-1205,,,
-966,,,
-954,,,
-1140,,,
-1092,,,
-1503,,,
-1019,,,
-1210,,,
-1128,,,
-1100,,,
-1081,,,
-1314,,,
-1057,,,
-1238,,,
-1142,,,
-993,,,
-1219,,,
-960,,,
-1009,,,
-1057,,,
-1003,,,
-989,,,
-961,,,
-986,,,
-999,,,
-984,,,
-981,,,
-1097,,,
-1046,,,
-1201,,,
-1234,,,
-1349,,,
-1188,,,
-995,,,
-1179,,,
-1108,,,
-955,,,
-991,,,
-1112,,,
-1052,,,
-1026,,,
-1002,,,
-1109,,,
-986,,,
-1168,,,
-1141,,,
-984,,,
-1076,,,
-1061,,,
-1027,,,
-1097,,,
-1146,,,
-982,,,
-1034,,,
-1213,,,
-1083,,,
-1099,,,
-1081,,,
-965,,,
-1124,,,
-1179,,,
-1143,,,
-1074,,,
-1243,,,
-1041,,,
-1093,,,
-1075,,,
-1131,,,
-1039,,,
-1244,,,
-1048,,,
-1104,,,
-944,,,
-1327,,,
-1205,,,
-1026,,,
-1156,,,
-1145,,,
-908,,,
-927,,,
-1131,,,
-976,,,
-1014,,,
-1139,,,
-1215,,,
-1142,,,
-914,,,
-1024,,,
-962,,,
-1006,,,
-1343,,,
-1060,,,
-1148,,,
-1118,,,
-1076,,,
-982,,,
-870,,,
-951,,,
-1275,,,
-1201,,,
-1284,,,
-1007,,,
-1024,,,
-1138,,,
-1079,,,
-965,,,
-972,,,
-967,,,
-983,,,
-1003,,,
-1014,,,
-1020,,,
-1075,,,
-1017,,,
-960,,,
-1139,,,
-998,,,
-992,,,
-1008,,,
-1209,,,
-1052,,,
-1039,,,
-984,,,
-1064,,,
-1073,,,
-1257,,,
-1241,,,
-1039,,,
-985,,,
-1000,,,
-1120,,,
-1225,,,
-1125,,,
-1327,,,
-1290,,,
-1227,,,
-1041,,,
-1241,,,
-1186,,,
-1056,,,
-1215,,,
-973,,,
-1021,,,
-980,,,
-1142,,,
-1272,,,
-1250,,,
-1113,,,
-1117,,,
-1177,,,
-1010,,,
-1189,,,
-1012,,,
-1105,,,
-1096,,,
-1171,,,
-946,,,
-1150,,,
-1152,,,
-1180,,,
-1292,,,
-1030,,,
-1025,,,
-1056,,,
-1172,,,
-1201,,,
-1026,,,
-1091,,,
-1031,,,
-1239,,,
-1057,,,
-1037,,,
-1185,,,
-1171,,,
-1052,,,
-1256,,,
-1150,,,
-1126,,,
-1041,,,
-980,,,
-1139,,,
-1131,,,
-1134,,,
-1170,,,
-980,,,
-1160,,,
-880,,,
-1150,,,
-1184,,,
-1265,,,
-1327,,,
-1045,,,
-1228,,,
-975,,,
-1210,,,
-1177,,,
-1149,,,
-1008,,,
-1237,,,
-1136,,,
-895,,,
-1117,,,
-1148,,,
-905,,,
-1434,,,
-1207,,,
-1212,,,
-1058,,,
-1178,,,
-1108,,,
-1257,,,
-1108,,,
-1090,,,
-1058,,,
-1108,,,
-1203,,,
-1093,,,
-1045,,,
-1086,,,
-1145,,,
-1234,,,
-1257,,,
-1177,,,
-1304,,,
-1319,,,
-1122,,,
-1174,,,
-1130,,,
-1164,,,
-1065,,,
-1033,,,
-1205,,,
-1171,,,
-1187,,,
-1176,,,
-1053,,,
-1075,,,
-1175,,,
-1130,,,
-1159,,,
-1071,,,
-1117,,,
-990,,,
-1306,,,
-1168,,,
-1124,,,
-1093,,,
-1125,,,
-1149,,,
-1193,,,
-1128,,,
-1009,,,
-965,,,
-1133,,,
-1148,,,
-1450,,,
-1157,,,
-1141,,,
-1072,,,
-1116,,,
-1167,,,
-1075,,,
-1126,,,
-906,,,
-1316,,,
-1057,,,
-1144,,,
-1228,,,
-1025,,,
-1050,,,
-1062,,,
-1111,,,
-1031,,,
-1193,,,
-1029,,,
-1010,,,
-1219,,,
-1261,,,
-1212,,,
-1068,,,
-1361,,,
-1003,,,
-1199,,,
-1170,,,
-1224,,,
-1138,,,
-906,,,
-1080,,,
-1069,,,
-1080,,,
-1063,,,
-1251,,,
-1160,,,
-1173,,,
-1138,,,
-932,,,
-997,,,
-989,,,
-1167,,,
-1060,,,
-1101,,,
-1116,,,
-1065,,,
-1536,,,
-940,,,
-1179,,,
-1093,,,
-1229,,,
-948,,,
-1150,,,
-1075,,,
-1094,,,
-1181,,,
-1181,,,
-990,,,
-1164,,,
-958,,,
-939,,,
-1101,,,
-1004,,,
-1070,,,
-1209,,,
-988,,,
-1000,,,
-1047,,,
-1190,,,
-983,,,
-1098,,,
-1236,,,
-928,,,
-1166,,,
-1402,,,
-1107,,,
-1091,,,
-1054,,,
-1020,,,
-1090,,,
-1079,,,
-1314,,,
-1223,,,
-1285,,,
-1225,,,
-1077,,,
-1067,,,
-1021,,,
-1076,,,
-1152,,,
-991,,,
-1087,,,
-1235,,,
-1095,,,
-1351,,,
-1031,,,
-1196,,,
-1264,,,
-946,,,
-900,,,
-1295,,,
-1097,,,
-1132,,,
-1129,,,
-1204,,,
-1164,,,
-1192,,,
-1092,,,
-1009,,,
-1212,,,
-1130,,,
-1077,,,
